region,population,parent,Quality,Altcountryname,ISO3166_NUTS,extraRegion
Diamond Princess,3500,-,,,,
Diamond Princess,3200,-,,,,
Holy See,801,-,,Vatican City,,
MS Zaandam,3500,-,,,,
Algeria,42228429,Africa,,,,
Angola,30809762,Africa,,,,
Benin,11485048,Africa,,,,
Botswana,2254126,Africa,,,,
Burkina Faso,19751535,Africa,,,,
Burundi,11175378,Africa,,,,
Cabo Verde,543767,Africa,,,,
Cameroon,25216237,Africa,,,,
Central African Republic,4666377,Africa,,,,
Chad,15477751,Africa,,,,
Congo (Brazzaville),5244363,Africa,,,,
Congo (Kinshasa),84068091,Africa,,,,
Cote d'Ivoire,25069229,Africa,,Ivory Coast,,
Djibouti,958920,Africa,,,,
Egypt,98423595,Africa,Under reporting due to political pressure,,,
Equatorial Guinea,1308974,Africa,,,,
Eritrea,3214000,Africa,,,,
Eswatini,1136191,Africa,,,,
Ethiopia,109224559,Africa,,,,
Gabon,2119275,Africa,,,,
Gambia,2416668,Africa,,,,
Ghana,29767108,Africa,,,,
Guinea,12414318,Africa,,,,
Guinea-Bissau,1874309,Africa,,,,
Kenya,51393010,Africa,,,,
Liberia,4818977,Africa,,,,
Libya,6678567,Africa,,Palestine,,
Madagascar,26262368,Africa,,,,
Malawi,18143315,Africa,,,,
Maldives,515696,Africa,,,,
Mali,19077690,Africa,,,,
Mauritania,4403319,Africa,,,,
Mauritius,1265303,Africa,,,,
Mayotte,272815,Africa,,,,
Morocco,36029138,Africa,,,,
Mozambique,29495962,Africa,,,,
Namibia,2448255,Africa,,,,
Niger,22442948,Africa,,,,
Nigeria,195874740,Africa,,,,
Rwanda,12301939,Africa,,,,
Sao Tome and Principe,211028,Africa,,,,
Senegal,15854360,Africa,,,,
Seychelles,96762,Africa,,,,
Sierra Leone,7650154,Africa,,,,
Somalia,15008154,Africa,,,,
South Africa,57779622,Africa,,,,
South Sudan,10975920,Africa,,,,
Sudan,41801533,Africa,,,,
Tanzania,56318348,Africa,,,,
Togo,7889094,Africa,,,,
Tunisia,11565204,Africa,,,,
Uganda,42723139,Africa,,,,
Western Sahara,594500,Africa,,,,
Zambia,17351822,Africa,,,,
Zimbabwe,14439018,Africa,,,,
World,7800000000,All,,,,
La Réunion,895312,Asia,,,FR_LRE,
Afghanistan,37172386,Asia,,,,
Azerbaijan,9942334,Asia,,,,
Bahrain,1569439,Asia,,,,
Bangladesh,161356039,Asia,,,,
Bhutan,754394,Asia,,,,
Brunei,428962,Asia,,,,
Burma,53710000,Asia,,,,
Cambodia,16249798,Asia,,,,
China,1392730000,Asia,,,,
Hong Kong,7451000,Asia,,,,
India,1352617328,Asia,,,,
Indonesia,267663435,Asia,,,,
Iran,81800269,Asia,Under reporting due to political pressure,,,
Iraq,38433600,Asia,,,,
Israel,8883800,Asia,,,,
Japan,126529100,Asia,,,,
Jordan,9956011,Asia,,,,
Kazakhstan,18276499,Asia,,,,
Korea,51635256,Asia,,,,
Korea South,51635256,Asia,,,,
Kuwait,4137309,Asia,,,,
Kyrgyzstan,6524195,Asia,,,,
Laos,7275560,Asia,,,,
Lebanon,6848925,Asia,,,,
Malaysia,31528585,Asia,,,,
Mongolia,3170208,Asia,,,,
Nepal,28087871,Asia,,,,
Oman,4829483,Asia,,,,
Pakistan,212215030,Asia,,,,
Philippines,106651922,Asia,,,,
Qatar,2781677,Asia,,,,
Reunion,895312,Asia,,,,
Saudi Arabia,33699947,Asia,,,,
Singapore,5638676,Asia,,,,
South Korea,51635256,Asia,,,,
Sri Lanka,21670000,Asia,,,,
Syria,17500658,Asia,,,,
Taiwan,23780000,Asia,,,,
Thailand,69428524,Asia,,,,
Timor-Leste,1267972,Asia,,East-Timor,,
United Arab Emirates,9630959,Asia,,UAE,,
Uzbekistan,32955400,Asia,,,,
Vietnam,95540395,Asia,,,,
West Bank and Gaza,4569087,Asia,,,,
Yemen,28500000,Asia,,,,
Australian Capital Territory,426709,Australia,,,,
New South Wales,8089526,Australia,,,,
Northern Territory,245869,Australia,,,,
Queensland,5095100,Australia,,,,
South Australia,1751693,Australia,,,,
Tasmania,534281,Australia,,,,
Victoria,6594804,Australia,,,,
Western Australia,2621680,Australia,,,,
Burgenland,294466,Austria,,,AT11,
Niederösterreich,1684623,Austria,,,AT12,
Wien,1911728,Austria,,,AT13,
Kärnten,561390,Austria,,,AT21,
Steiermark,1246576,Austria,,,AT22,
Oberösterreich,1490392,Austria,,,AT31,
Salzburg,558479,Austria,,,AT32,
Tirol,757852,Austria,,,AT33,
Vorarlberg,397094,Austria,,,AT34,
Brussels,1215290,Belgium,,Bruxelles,BE1,
Antwerp,1860470,Belgium,,Anver,BE21,
Limburg-B,875842,Belgium,,,BE22,
East Flanders,1516283,Belgium,,Oost-Vlaanderen,BE23,
Flemish Brabant,1146643,Belgium,,Vlaams-Brabant,BE24,
West Flanders,1196995,Belgium,,West-Vlaanderen,BE25,
Walloon Brabant,404270,Belgium,,Waals-Brabant,BE31,
Hainaut,1346082,Belgium,,Henegouwen,BE32,
Liège,1110068,Belgium,,Luik,BE33,
Luxembourg-B,286685,Belgium,,Luxemburg,BE34,
Namur,496891,Belgium,,Namen,BE35,
Acre,881935,Brazil,,,BR_AC,
Alagoas,3337357,Brazil,,,BR_AL,
Amazonas,4144597,Brazil,,,BR_AM,
Amapá,845731,Brazil,,,BR_AP,
Bahia,14873064,Brazil,,,BR_BA,
Ceará,9132078,Brazil,,,BR_CE,
Distrito Federal,3015268,Brazil,,,BR_DF,
Espírito Santo,4018650,Brazil,,,BR_ES,
Goiás,7018354,Brazil,,,BR_GO,
Maranhão,7075181,Brazil,,,BR_MA,
Minas Gerais,21168791,Brazil,,,BR_MG,
Mato Grosso do Sul,2778986,Brazil,,,BR_MS,
Mato Grosso,3484466,Brazil,,,BR_MT,
Pará,8602865,Brazil,,,BR_PA,
Paraíba,4018127,Brazil,,,BR_PB,
Pernambuco,9557071,Brazil,,,BR_PE,
Piauí,3273227,Brazil,,,BR_PI,
Paraná,11433957,Brazil,,,BR_PR,
Rio de Janeiro,17264943,Brazil,,,BR_RJ,
Rio Grande do Norte,3506853,Brazil,,,BR_RN,
Rondônia,1777225,Brazil,,,BR_RO,
Roraima,605761,Brazil,,,BR_RR,
Rio Grande do Sul,11377239,Brazil,,,BR_RS,
Santa Catarina,7164788,Brazil,,,BR_SC,
Sergipe,2298696,Brazil,,,BR_SE,
São Paulo,45919049,Brazil,,,BR_SP,
Tocantins,1572866,Brazil,,,BR_TO,
Alberta,4067175,Canada,,,,
British Columbia,4648055,Canada,,,,
Grand Princess,5000,Canada,,,,
Manitoba,1278365,Canada,,,,
New Brunswick,747101,Canada,,,,
Newfoundland and Labrador,519716,Canada,,,,
Northwest Territories,44826,Canada,,,,
Nova Scotia,923598,Canada,,,,
Ontario,13448494,Canada,,,,
Prince Edward Island,142907,Canada,,,,
Quebec,8164361,Canada,,,,
Saskatchewan,1098352,Canada,,,,
Yukon,35874,Canada,,,,
Anhui,59500510,China,,,,
Beijing,19612368,China,,,,
Chongqing,28846170,China,,,,
Fujian,36894216,China,,,,
Gansu,25575254,China,,,,
Guangdong,104303132,China,,,,
Guangxi,46026629,China,,,,
Guizhou,35806468,China,,,,
Hainan,9261518,China,,,,
Hebei,71854202,China,,,,
Heilongjiang,38312224,China,,,,
Henan,94023567,China,,,,
Hubei,59500000,China,,,,
Hunan,65683722,China,,,,
Inner Mongolia,24706321,China,,,,
Jiangsu,78659903,China,,,,
Jiangxi,44567475,China,,,,
Jilin,27462297,China,,,,
Liaoning,43746323,China,,,,
Macau,631636,China,,,,
Ningxia,6176900,China,,,,
Qinghai,5626722,China,,,,
Shaanxi,37327378,China,,,,
Shandong,100063065,China,,,,
Shanghai,23019148,China,,,,
Shanxi,37022111,China,,,,
Sichuan,80418200,China,,,,
Tianjin,12938224,China,,,,
Tibet,3002166,China,,,,
Xinjiang,21813334,China,,,,
Yunnan,45966239,China,,,,
Zhejiang,54426891,China,,,,
Prague,1308632,Czechia,,"Praha, Hlavní město",CZ010,
Central Bohemian Region,1369332,Czechia,,Středočeský kraj,CZ020,
South Bohemian Region,642133,Czechia,,Jihočeský kraj,CZ031,
Plzeň Region,584672,Czechia,,Plzeňský kraj,CZ032,
Karlovy Vary Region,294896,Czechia,,Karlovarský kraj,CZ041,
Ústí nad Labem Region,820789,Czechia,,Ústecký kraj,CZ042,
Liberec Region,442356,Czechia,,Liberecký kraj,CZ051,
Hradec Králové Region,551021,Czechia,,Královéhradecký kraj,CZ052,
Pardubice Region,520316,Czechia,,Pardubický kraj,CZ053,
Vysocina Region,509274,Czechia,,Kraj Vysočina,CZ063,
South Moravian Region,1187667,Czechia,,Jihomoravský kraj,CZ064,
Olomouc Region,632492,Czechia,,Olomoucký kraj,CZ071,
Zlin Region,582921,Czechia,,Zlínský kraj,CZ072,
Moravian-Silesian Region,1203299,Czechia,,Moravskoslezský kraj,CZ080,
Hovedstaden,1836000,Denmark,,,DK01,
Sjælland,835024,Denmark,,,DK02,
Syddanmark,1220763,Denmark,,,DK03,
Midtjylland,1313596,Denmark,,,DK04,
Nordjylland,589148,Denmark,,,DK05,
Faroe,48497,Denmark,,,FO,
EU27,445834883,EU,,,,
Albania,2866376,Europe,,,,
Andorra,77006,Europe,,,,
Armenia,2951776,Europe,,,,
Austria,8847037,Europe,,,,
Belarus,9485386,Europe,,,,
Belgium,11422068,Europe,Includes possible cases and fatalities,Belgique,,
Bosnia and Herzegovina,3323929,Europe,,,,
Bulgaria,7024216,Europe,,,,
Channel Islands,170499,Europe,,,,
Croatia,4089400,Europe,,,,
Cyprus,1189265,Europe,,,,
Czechia,10625695,Europe,,Czech Republic,,
Denmark,5797446,Europe,,,,
Estonia,1320884,Europe,,,,
Falkland Islands (Malvinas),3480,Europe,,,,
Faroe Islands,48497,Europe,,,,
Finland,5518050,Europe,,,,
France,66987244,Europe,,,,
Georgia,3731000,Europe,,,,
Germany,82927922,Europe,,,,
Gibraltar,33718,Europe,,,,
Greece,10727668,Europe,,,,
Greenland,56025,Europe,,,,
Hungary,9768785,Europe,,,,
Iceland,353574,Europe,,,,
Ireland,4853506,Europe,,,,
Isle of Man,84077,Europe,,,,
Italy,60431283,Europe,,,,
Kosovo,1845300,Europe,,,,
Latvia,1926542,Europe,,,,
Liechtenstein,37910,Europe,,,,
Lithuania,2789533,Europe,,,,
Luxembourg,607728,Europe,,,,
Malta,483530,Europe,,,,
Moldova,3545883,Europe,,,,
Monaco,38682,Europe,,,,
Montenegro,622345,Europe,,,,
Netherlands,17231017,Europe,,The Netherlands;Holland,,
North Macedonia,2082958,Europe,,,,
Norway,5314336,Europe,,,,
Poland,37978548,Europe,,,,
Portugal,10281762,Europe,,,,
Romania,19473936,Europe,,,,
Russia,144478050,Europe,,,,
San Marino,33785,Europe,,,,
Serbia,6982084,Europe,,,,
Slovakia,5459642,Europe,,,,
Slovenia,2067372,Europe,,,,
Spain,46723749,Europe,End of May they corrected fatalities downward,Espana,,
Sweden,10183175,Europe,,Svirge,,
Switzerland,8516543,Europe,,,,
Turkey,82319724,Europe,,,,
Ukraine,44622516,Europe,,,,
United Kingdom,66488991,Europe,,UK,,
Keski-Suomi,275104,Finland,,,FI193,
Etelä-Pohjanmaa,188685,Finland,,,FI194,
Vaasa,169741,Finland,,,FI195,
Satakunta,216752,Finland,,,FI196,
Pirkanmaa,517666,Finland,,,FI197,
HUS,1689725,Finland,,,FI1B1,
Varsinais-Suomi,479341,Finland,,,FI1C1,
Kanta-Häme,170925,Finland,,,FI1C2,
Päijät-Häme,199604,Finland,,,FI1C3,
Kymenlaakso,171167,Finland,,,FI1C4,
Etelä-Karjala,127757,Finland,,,FI1C5,
Etelä-Savo,142335,Finland,,,FI1D1,
Pohjois-Savo,244236,Finland,,,FI1D2,
Pohjois-Karjala,161211,Finland,,,FI1D3,
Keski-Pohjanmaa,68158,Finland,,,FI1D5,
Lappi,177161,Finland,,,FI1D7,
Kainuu,72306,Finland,,,FI1D8,
Pohjois-Pohjanmaa,412830,Finland,,,FI1D9,
Itä-Savo,42221,Finland,,,FI1X1,
Länsi-Pohja,61776,Finland,,,FI1X2,
Ahvenanmaa,29884,Finland,,,FI200,
West North,1000000,Finland,Unidentified region Finland,Unidentified region Finland,,
Île-de-France,12244807,France,,,FR1,
Centre-Val de Loire,2565258,France,,,FRB,
Bourgogne-Franche-Comté,2793333,France,,,FRC,
Normandy,3313340,France,,Normandie,FRD,
Hauts-de-France,5962662,France,,,FRE,
Grand Est,5511747,France,,,FRF,
Pays de la Loire,3787400,France,,,FRG,
Brittany,3333720,France,,Bretagne,FRH,
Nouvelle-Aquitaine,5999982,France,,,FRI,
Occitanie,5924858,France,,,FRJ,
Auvergne-Rhône-Alpes,8005882,France,,,FRK,
Provence-Alpes-Côte d'Azur,5048405,France,,,FRL,
Corsica,341554,France,,Corse,FRM,
Baden-Württemberg,11069533,Germany,,,DE1,
Bayern,13076721,Germany,,,DE2,
Berlin,3644826,Germany,,,DE3,
Brandenburg,2511917,Germany,,,DE4,
Bremen,682986,Germany,,,DE5,
Hamburg,1841179,Germany,,,DE6,
Hessen,6265809,Germany,,,DE7,
Mecklenburg-Vorpommern,1609675,Germany,,,DE8,
Niedersachsen,7982000,Germany,,,DE9,
Nordrhein-Westfalen,17932651,Germany,,,DEA,
Rheinland-Pfalz,4084844,Germany,,,DEB,
Saarland,990509,Germany,,,DEC,
Sachsen,4077937,Germany,,,DED,
Sachsen-Anhalt,2208321,Germany,,,DEE,
Schleswig Holstein,2896712,Germany,,,DEF,
Thüringen,2143145,Germany,,,DEG,
Greater Reykjavík,178000,Iceland,,,IS-1,IS001
Suðurnes Peninsula,16727,Iceland,,,IS-2,IS002
West Iceland,14457,Iceland,,,IS-3,IS002
West Fjords,8014,Iceland,,,IS-4,IS002
Northwest Iceland,9310,Iceland,,,IS-5,IS002
East Iceland,11798,Iceland,,,IS-6,IS002
Northeast Iceland,26618,Iceland,,,IS-6,IS002
South Iceland,21326,Iceland,,,IS-8,IS002
Piemonte,4356406,Italy,,,ITC1,
Valle d'Aosta,125666,Italy,,,ITC2,
Liguria,1550640,Italy,,,ITC3,
Lombardia,10060574,Italy,,,ITC4,
Friuli Venezia Giulia,1215220,Italy,,,ITD4,
Abruzzo,1311580,Italy,,,ITF1,
Molise,305617,Italy,,,ITF2,
Campania,5801692,Italy,,,ITF3,
Puglia,4029053,Italy,,,ITF4,
Basilicata,562869,Italy,,,ITF5,
Calabria,1947131,Italy,,,ITF6,
Sicilia,4999891,Italy,,,ITG1,
Sardegna,1639591,Italy,,,ITG2,
Bolzano,106951,Italy,,,ITH1,
Trento,1072276,Italy,,,ITH2,
Veneto,4905854,Italy,,,ITH3,
Emilia-Romagna,4459477,Italy,,,ITH5,
Toscana,3800000,Italy,,,ITI1,
Umbria,882015,Italy,,,ITI2,
Marche,1525271,Italy,,,ITI3,
Lazio,5879082,Italy,,,ITI4,
Aguascalientes,1184996,Mexico,,,MX_AGU,
Baja California,3155070,Mexico,,,MX_BCN,
Baja California Sur,637026,Mexico,,,MX_BCS,
Campeche,822441,Mexico,,,MX_CAM,
Chihuahua,3406465,Mexico,,,MX_CHH,
Chiapas,4796580,Mexico,,,MX_CHP,
Mexico City,8851080,Mexico,,,MX_CMX,
Coahuila,2748391,Mexico,,,MX_COA,
Colima,650555,Mexico,,,MX_COL,
Durango,1632934,Mexico,,,MX_DUR,
Guerrero,3388768,Mexico,,,MX_GRO,
Guanajuato,5486372,Mexico,,,MX_GUA,
Hidalgo,2665018,Mexico,,,MX_HID,
Jalisco,7350682,Mexico,,,MX_JAL,
State of Mexico,15175862,Mexico,,,MX_MEX,
Michoacán,4351037,Mexico,,,MX_MIC,
Morelos,1777227,Mexico,,,MX_MOR,
Nayarit,1084979,Mexico,,,MX_NAY,
Nuevo León,4653458,Mexico,,,MX_NLE,
Oaxaca,3801962,Mexico,,,MX_OAX,
Puebla,5779829,Mexico,,,MX_PUE,
Querétaro,1827937,Mexico,,,MX_QUE,
Quintana Roo,1325578,Mexico,,,MX_ROO,
Sinaloa,2767761,Mexico,,,MX_SIN,
San Luis Potosí,2585518,Mexico,,,MX_SLP,
Sonora,2662480,Mexico,,,MX_SON,
Tabasco,2238603,Mexico,,,MX_TAB,
Tamaulipas,3268554,Mexico,,,MX_TAM,
Tlaxcala,1169936,Mexico,,,MX_TLA,
Veracruz,7643194,Mexico,,,MX_VER,
Yucatán,1955577,Mexico,,,MX_YUC,
Zacatecas,1490668,Mexico,,,MX_ZAC,
Groningen,585881,Netherlands,,,NL11,
Friesland,649988,Netherlands,,,NL12,
Drenthe,493449,Netherlands,,,NL13,
Overijssel,1162215,Netherlands,,,NL21,
Gelderland,2084478,Netherlands,,,NL22,
Flevoland,422202,Netherlands,,,NL23,
Utrecht,1353596,Netherlands,,,NL31,
North Holland,2877909,Netherlands,,,NL32,
South Holland,3705625,Netherlands,,,NL33,
Zeeland,383689,Netherlands,,,NL34,
North Brabant,2562566,Netherlands,,,NL41,
Limburg,1118223,Netherlands,,,NL42,
Saint Barthélemy,9877,North America,,,FR_BL,
Anguilla,15003,North America,,,,
Antigua and Barbuda,96286,North America,,,,
Bahamas,385640,North America,,,,
Barbados,286641,North America,,,,
Belize,383071,North America,,,,
Bermuda,63968,North America,,,,
Bonaire Sint Eustatius and Saba,26000,North America,,,,
British Virgin Islands,29802,North America,,,,
Canada,37058856,North America,,,,
Cayman Islands,64174,North America,,,,
Costa Rica,4999441,North America,,,,
Cuba,11338138,North America,,,,
Dominica,71625,North America,,,,
Dominican Republic,10627165,North America,,,,
El Salvador,6420744,North America,,,,
Grenada,111454,North America,,,,
Guadeloupe,400124,North America,,,,
Guatemala,17247807,North America,,,,
Haiti,11123176,North America,,,,
Honduras,9587522,North America,,,,
Jamaica,2934855,North America,,,,
Martinique,375265,North America,,,,
Mexico,126190788,North America,,,,
Montserrat,4992,North America,,,,
Nicaragua,6465513,North America,,,,
Panama,4176873,North America,,,,
Saint Barthelemy,9877,North America,,,,
Saint Kitts and Nevis,53199,North America,,,,
Saint Lucia,183627,North America,,,,
Saint Pierre and Miquelon,5794,North America,,,,
Saint Vincent and the Grenadines,110940,North America,,,,
St Martin,38666,North America,,,,
Trinidad and Tobago,1389858,North America,,,,
Turks and Caicos Islands,37665,North America,,,,
US,331002000,North America,,USA;United States,,
Oslo,693494,Norway,,,NO081,of NO011
Rogaland,479892,Norway,,,NO0A1,of NO043
Møre og Romsdal,265238,Norway,,,NO0A3,of NO053
Nordland,241236,Norway,,,NO071,
Agder,307231,Norway,,,NO092,of NO04
Innlandet,371385,Norway,,,NO020,of NO02
Troms og Finnmark,243311,Norway,,,NO074,of NO072
Trøndelag,468702,Norway,,,NO060,of NO06
Vestfold og Telemark,419396,Norway,,,NO091,of NO033
Vestland,636531,Norway,,,NO0A2,of NO05
Viken,1241164,Norway,,,NO082,of NO012
Australia,24992369,Oceania,,,,
Fiji,883483,Oceania,,,,
French Polynesia,277679,Oceania,,,,
New Caledonia,284060,Oceania,,,,
New Zealand,4885500,Oceania,,,,
Papua New Guinea,8606316,Oceania,,,,
Dolnośląskie,2901225,Poland,,,PL51,
Kujawsko-pomorskie,2077775,Poland,,,PL61,
Łódzkie,2466322,Poland,,,PL71,
Lubelskie,2117619,Poland,,,PL81,
Lubuskie,1014548,Poland,,,PL43,
Małopolskie,3400577,Poland,,,PL21,
Mazowieckie,5403412,Poland,,,PL92,
Opolskie,986506,Poland,,,PL52,
Podkarpackie,2129015,Poland,,,PL82,
Podlaskie,1181533,Poland,,,PL84,
Pomorskie,2333523,Poland,,,PL63,
Śląskie,4533565,Poland,,,PL22,
Świętokrzyskie,1241546,Poland,,,PL72,
Warmińsko-mazurskie,1428983,Poland,,,PL62,
Wielkopolskie,3493969,Poland,,,PL41,
Zachodniopomorskie,1701030,Poland,,,PL42,
Norte,1834000,Portugal,,,PT11,
Algarve,227000,Portugal,,,PT15,
Centro,1170000,Portugal,,,PT16,
Lisbon,1383000,Portugal,,,PT17,
Alentejo,358000,Portugal,,,PT18,
Açores,122000,Portugal,,,PT20,
Madeira,131000,Portugal,,,PT30,
Adygea,453376,Russia,,,RU_AD,
Altai Republic,215263,Russia,,,RU_AL,
Altai Krai,2350080,Russia,,,RU_ALT,
Amur Oblast,798424,Russia,,,RU_AMU,
Arkhangelsk Oblast,1155028,Russia,,,RU_ARK,
Astrakhan Oblast,1017514,Russia,,,RU_AST,
Bashkortostan,4063293,Russia,,,RU_BA,
Belgorod Oblast,1549876,Russia,,,RU_BEL,
Bryansk Oblast,1210982,Russia,,,RU_BRY,
Buryatia,984511,Russia,,,RU_BU,
Chechnya,1436981,Russia,,,RU_CE,
Chelyabinsk Oblast,3500361,Russia,,,RU_CHE,
Chukotka Avtonomnyy Okrug,49348,Russia,,,RU_CHU,
Chuvashia,1231117,Russia,,,RU_CU,
Dagestan,3063885,Russia,,,RU_DA,
Ingushetia,488043,Russia,,,RU_IN,
Irkutsk Oblast,2404195,Russia,,,RU_IRK,
Ivanovo Oblast,1014646,Russia,,,RU_IVA,
Kamchatka Krai,315557,Russia,,,RU_KAM,
Kabardino-Balkaria,865828,Russia,,,RU_KB,
Karachay-Cherkessia,466305,Russia,,,RU_KC,
Krasnodar Krai,5514250,Russia,,,RU_KDA,
Kemerovo Oblast,2694877,Russia,,,RU_KEM,
Kaliningrad Oblast,994599,Russia,,,RU_KGD,
Kurgan Oblast,845537,Russia,,,RU_KGN,
Khabarovsk Krai,1328302,Russia,,,RU_KHA,
Khanty-Mansi Avtonomnyy Okrug,1625501,Russia,,,RU_KHM,
Kirov Oblast,1283238,Russia,,,RU_KIR,
Khakassia,537513,Russia,,,RU_KK,
Kalmykia,275413,Russia,,,RU_KL,
Kaluga Oblast,1012156,Russia,,,RU_KLU,
Komi Republic,840873,Russia,,,RU_KO,
Kostroma Oblast,643324,Russia,,,RU_KOS,
Republic of Karelia,622484,Russia,,,RU_KR,
Kursk Oblast,1115237,Russia,,,RU_KRS,
Krasnoyarsk Krai,2876497,Russia,,,RU_KYA,
Leningrad Oblast,1813816,Russia,,,RU_LEN,
Lipetsk Oblast,1150201,Russia,,,RU_LIP,
Magadan Oblast,144091,Russia,,,RU_MAG,
Mari El,680380,Russia,,,RU_ME,
Mordovia,805056,Russia,,,RU_MO,
Moscow Oblast,7503385,Russia,,,RU_MOS,
Moscow,12500123,Russia,,,RU_MOW,
Murmansk Oblast,753557,Russia,,,RU_MUR,
Nenets Avtonomnyy Okrug,43997,Russia,,,RU_NEN,
Novgorod Oblast,606476,Russia,,,RU_NGR,
Nizhny Novgorod Oblast,3234752,Russia,,,RU_NIZ,
Novosibirsk Oblast,2788849,Russia,,,RU_NVS,
Omsk Oblast,1960081,Russia,,,RU_OMS,
Orenburg Oblast,1977720,Russia,,,RU_ORE,
Oryol Oblast,747247,Russia,,,RU_ORL,
Perm Krai,2623122,Russia,,,RU_PER,
Penza Oblast,1331655,Russia,,,RU_PNZ,
Primorsky Krai,1913037,Russia,,,RU_PRI,
Pskov Oblast,636546,Russia,,,RU_PSK,
Rostov Oblast,4220452,Russia,,,RU_ROS,
Ryazan Oblast,1121474,Russia,,,RU_RYA,
Yakutia,964330,Russia,,,RU_SA,
Sakhalin Oblast,490181,Russia,,,RU_SAK,
Samara Oblast,3193514,Russia,,,RU_SAM,
Saratov Oblast,2462950,Russia,,,RU_SAR,
North Ossetia-Alania,701765,Russia,,,RU_SE,
Smolensk Oblast,949348,Russia,,,RU_SMO,
Saint Petersburg,5351935,Russia,,,RU_SPE,
Stavropol Krai,2800674,Russia,,,RU_STA,
Sverdlovsk Oblast,4325256,Russia,,,RU_SVE,
Tatarstan,3894284,Russia,,,RU_TA,
Tambov Oblast,1033552,Russia,,,RU_TAM,
Tomsk Oblast,1078280,Russia,,,RU_TOM,
Tula Oblast,1491855,Russia,,,RU_TUL,
Tver Oblast,1283873,Russia,,,RU_TVE,
Tuva,321722,Russia,,,RU_TY,
Tyumen Oblast,3692400,Russia,,,RU_TYU,
Udmurtia,1513044,Russia,,,RU_UD,
Ulyanovsk Oblast,1246618,Russia,,,RU_ULY,
Volgograd Oblast,2521276,Russia,,,RU_VGG,
Vladimir Oblast,1378337,Russia,,,RU_VLA,
Vologda Oblast,1176689,Russia,,,RU_VLG,
Voronezh Oblast,2333768,Russia,,,RU_VOR,
Yamalo-Nenets Avtonomnyy Okrug,538547,Russia,,,RU_YAN,
Yaroslavl Oblast,1265684,Russia,,,RU_YAR,
Jewish Avtonomnyy Okrug,158381,Russia,,,RU_YEV,
Zabaykalsky Krai,1072806,Russia,,,RU_ZAB,
Argentina,44494502,South America,,,,
Aruba,105845,South America,,,,
Bolivia,11353142,South America,,,,
Brazil,209469333,South America,Low coverage outside big population centers,,,
Chile,18729160,South America,,,,
Colombia,49648685,South America,,,,
Curacao,159849,South America,,,,
Ecuador,17084357,South America,,,,
French Guiana,290700,South America,,,,
Guyana,779004,South America,,,,
Paraguay,6956071,South America,,,,
Peru,31989256,South America,,,,
Sint Maarten,42876,South America,,,,
Suriname,575991,South America,,,,
Uruguay,3449299,South America,,,,
Venezuela,28435980,South America,,,,
Galicia,2747226,Spain,,,ES11,
Principado de Asturias,1058975,Spain,,,ES12,
Cantabria,587682,Spain,,,ES13,
País Vasco,3155597,Spain,,,ES21,
Comunidad Foral de Navarra,636450,Spain,,,ES22,
La Rioja,315223,Spain,,,ES23,
Aragón,1311301,Spain,,,ES24,
Comunidad de Madrid,6378297,Spain,,,ES30,
Castilla y León,2495689,Spain,,,ES41,
Castilla-La Mancha,2075197,Spain,,,ES42,
Extremadura,1099605,Spain,,,ES43,
Cataluña,7518903,Spain,,,ES51,
Comunidad Valenciana,4956427,Spain,,,ES52,
Illes Balears,1188000,Spain,,,ES53,
Andalucía,8388875,Spain,,,ES61,
Región de Murcia,1461803,Spain,,,ES62,
Ciudad Autónoma de Ceuta,84674,Spain,,,ES63,
Ciudad Autónoma de Melilla,83870,Spain,,,ES64,
Canarias,2114845,Spain,,,ES70,
Stockholm,2377081,Sweden,,,SE110,
Uppsala,383713,Sweden,,,SE121,
Södermanland,297540,Sweden,,,SE122,
Östergötland,465495,Sweden,,,SE123,
Örebro,304805,Sweden,,,SE124,
Västmanland,275845,Sweden,,,SE125,
Jönköping,363599,Sweden,,,SE211,
Kronoberg,201463,Sweden,,,SE212,
Kalmar,245446,Sweden,,,SE213,
Gotland,59686,Sweden,,,SE214,
Blekinge,159606,Sweden,,,SE221,
Skåne,1377827,Sweden,,,SE224,
Halland,333848,Sweden,,,SE231,
Västra Götaland,1725881,Sweden,,,SE232,
Värmland,282414,Sweden,,,SE311,
Dalarna,1287966,Sweden,,,SE312,
Gävleborg,287382,Sweden,,,SE313,
Västernorrland,245347,Sweden,,,SE321,
Jämtland,130810,Sweden,,,SE322,
Västerbotten,271736,Sweden,,,SE331,
Norrbotten,250093,Sweden,,,SE332,
Vaud,804861,Switzerland,,,CH011,
Valais,345394,Switzerland,,,CH012,
Geneva,504031,Switzerland,,,CH013,
Bern,1039101,Switzerland,,,CH021,
Fribourg,321717,Switzerland,,,CH022,
Solothurn,275177,Switzerland,,,CH023,
Neuchâtel,176467,Switzerland,,,CH024,
Jura,73563,Switzerland,,,CH025,
Basel City,195783,Switzerland,,,CH031,
Basel Country,289404,Switzerland,,,CH032,
Aargau,685642,Switzerland,,,CH033,
Zurich,1538848,Switzerland,,,CH040,
Glarus,40582,Switzerland,,,CH051,
Schaffhausen,82337,Switzerland,,,CH052,
Appenzell Ausserrhoden,55432,Switzerland,,,CH053,
Appenzell Innerrhoden,16127,Switzerland,,,CH054,
St. Gallen,510670,Switzerland,,,CH055,
Graubünden,198988,Switzerland,,,CH056,
Thurgau,279493,Switzerland,,,CH057,
Lucerne,413044,Switzerland,,,CH061,
Uri,36694,Switzerland,,,CH062,
Schwyz,160457,Switzerland,,,CH063,
Obwalden,37924,Switzerland,,,CH064,
Nidwalden,43076,Switzerland,,,CH065,
Zug,127612,Switzerland,,,CH066,
Ticino,351471,Switzerland,,,CH070,
Ayrshire and Arran,5058,United Kingdom,,,,
Dumfries and Galloway,148790,United Kingdom,,,,
East of England,6201214,United Kingdom,,,UKH,
Eileanan Siar (Western Isles),26830,United Kingdom,,,,
England,55977178,United Kingdom,,,,UK
Fife,371910,United Kingdom,,,,
Forth Valley,306640,United Kingdom,,,,
Grampian,500000,United Kingdom,,,,
Greater Glasgow and Clyde,1183120,United Kingdom,,,,
Highland,235540,United Kingdom,,,,
Lanarkshire,319020,United Kingdom,,,,
London,8908081,United Kingdom,,,UKI,
Lothian,858090,United Kingdom,,,,UKM75
Midlands,10700000,United Kingdom,,,UKF,plus UKG
North East and Yorkshire,8100000,United Kingdom,,,UKC,plus UKE
North West,7292093,United Kingdom,,,UKD,
Northern Ireland,1881641,United Kingdom,,,UKN,
Orkney,22190,United Kingdom,,,,UKM65
Scotland,5438100,United Kingdom,,,UKM,
Shetland,22990,United Kingdom,,,,
South East,9133625,United Kingdom,,,UKJ,
South West,5599735,United Kingdom,,,UKK,
Tayside,392000,United Kingdom,,,,
Wales,3138631,United Kingdom,,,UKL,
Alabama,4903185,US,,,,
Alaska,731545,US,,,,
American Samoa,55641,US,,,,
Arizona,7278717,US,,,,
Arkansas,3017825,US,,,,
California,39512223,US,,,,
Colorado,5758736,US,,,,
Connecticut,3565287,US,,,,
Delaware,973764,US,,,,
District of Columbia,705749,US,,,,
Florida,21477737,US,,,,
Georgia State,10617423,US,,,,
Guam,165718,US,,,,
Hawaii,1415872,US,,,,
Idaho,1787065,US,,,,
Illinois,12671821,US,,,,
Indiana,6732219,US,,,,
Iowa,3155070,US,,,,
Kansas,2913314,US,,,,
Kentucky,4467673,US,,,,
Louisiana,4648794,US,,,,
Maine,1344212,US,,,,
Maryland,6045680,US,,,,
Massachusetts,6949503,US,,,,
Michigan,9986857,US,,,,
Minnesota,5639632,US,,,,
Mississippi,2976149,US,,,,
Missouri,6137428,US,,,,
Montana,1068778,US,,,,
Nebraska,1934408,US,,,,
Nevada,3080156,US,,,,
New Hampshire,1359711,US,,,,
New Jersey,8882190,US,,,,
New Mexico,2096829,US,,,,
New York,19453561,US,,,,
North Carolina,10488084,US,,,,
North Dakota,762062,US,,,,
Northern Mariana Islands,55194,US,,,,
Ohio,11689100,US,,,,
Oklahoma,3956971,US,,,,
Oregon,4217737,US,,,,
Pennsylvania,12801989,US,,,,
Puerto Rico,3193694,US,,,,
Rhode Island,1059361,US,,,,
South Carolina,5148714,US,,,,
South Dakota,884659,US,,,,
Tennessee,6833174,US,,,,
Texas,28995881,US,,,,
U.S. Virgin Islands,104914,US,,,,
Utah,3205958,US,,,,
Vermont,623989,US,,,,
Virginia,8535519,US,,,,
Washington,7614893,US,,,,
West Virginia,1792147,US,,,,
Wisconsin,5822434,US,,,,
Wyoming,578759,US,,,,
Sevastopol,428753,,,,UA_40,
Republic of Crimea,1957801,,,,UA_43,
Bács-Kiskun,503825,Hungary,,,HU331,
Baranya,360704,Hungary,,,HU231,
Békés,334264,Hungary,,,HU332,
Borsod-Abaúj-Zemplén,642447,Hungary,,,HU311,
Budapest,1752286,Hungary,,,HU11,
Csongrád,399012,Hungary,,,HU333,
Fejér,417712,Hungary,,,HU211,
Győr-Moson-Sopron,467144,Hungary,,,HU221,
Hajdú-Bihar,527989,Hungary,,,HU321,
Heves,294609,Hungary,,,HU312,
Jász-Nagykun-Szolnok,370007,Hungary,,,HU322,
Komárom-Esztergom,299207,Hungary,,,HU212,
Nógrád,189304,Hungary,,,HU313,
Pest,1278874,Hungary,,,HU12,
Somogy,301429,Hungary,,,HU232,
Szabolcs-Szatmár-Bereg,552964,Hungary,,,HU323,
Tolna,217463,Hungary,,,HU233,
Vas,253551,Hungary,,,HU222,
Veszprém,341317,Hungary,,,HU213,
Zala,268648,Hungary,,,HU223,
Bjelovarsko-bilogorska,107186,Croatia,,,HR047,
Brodsko-Posavska,138804,Croatia,,,HR04A,
Dubrovačko-neretvanska,121425,Croatia,,,HR037,
Grad Zagreb,806341,Croatia,,,HR041,
Istarska,209020,Croatia,,,HR036,
Karlovačka,116166,Croatia,,,HR04D,
Koprivničko-križevačka,107076,Croatia,,,HR045,
Krapinsko-zagorska županija,124786,Croatia,,,HR043,
Ličko-senjska,44834,Croatia,,,HR032,
Međimurska,109537,Croatia,,,HR046,
Osječko-baranjska,275056,Croatia,,,HR04B,
Požeško-slavonska,67028,Croatia,,,HR049,
Primorsko-Goranska,283405,Croatia,,,HR031,
Šibensko-kninska,99633,Croatia,,,HR034,
Sisačko-moslavačka,147216,Croatia,,,HR04E,
Splitsko-Dalmatinska,447723,Croatia,,,HR035,
Varaždinska,166658,Croatia,,,HR044,
Virovitičko-podravska,74521,Croatia,,,HR048,
Vukovarsko-srijemska,152494,Croatia,,,HR04C,
Zadarska,168031,Croatia,,,HR033,
Zagrebačka,309306,Croatia,,,HR042,
Blagoevgrad,302694,Bulgaria,,,BG413,
Burgas,409265,Bulgaria,,,BG341,
Dobrich,171809,Bulgaria,,,BG332,
Gabrovo,106598,Bulgaria,,,BG322,
Haskovo,225317,Bulgaria,,,BG422,
Kardzhali,158204,Bulgaria,,,BG425,
Kyustendil,116915,Bulgaria,,,BG415,
Lovech,122546,Bulgaria,,,BG315,
Montana,127001,Bulgaria,,,BG312,
Pazardzhik,252776,Bulgaria,,,BG423,
Pernik,119190,Bulgaria,,,BG414,
Pleven,236305,Bulgaria,,,BG314,
Plovdiv,666801,Bulgaria,,,BG421,
Razgrad,110789,Bulgaria,,,BG324,
Ruse,215477,Bulgaria,,,BG323,
Shumen,172262,Bulgaria,,,BG333,
Silistra,108018,Bulgaria,,,BG325,
Sliven,184119,Bulgaria,,,BG342,
Smolyan,103532,Bulgaria,,,BG424,
Sofia City,1328790,Bulgaria,,,BG411,
Sofia Region,226671,Bulgaria,,,BG412,
Stara Zagora,313396,Bulgaria,,,BG344,
Targovishte,110914,Bulgaria,,,BG334,
Varna,469885,Bulgaria,,,BG331,
Veliko Tarnovo,232568,Bulgaria,,,BG321,
Vidin,82835,Bulgaria,,,BG311,
Vratsa,159470,Bulgaria,,,BG313,
Yambol,117335,Bulgaria,,,BG343,
Berat,19503,Albania,,,AL031,
Dibër,61619,Albania,,,AL011,
Durrës,175110,Albania,,,AL012,
Elbasan,141714,Albania,,,AL021,
Fier,120655,Albania,,,AL032,
Gjirokastër,28673,Albania,,,AL033,
Korçë,75994,Albania,,,AL034,
Kukës,47985,Albania,,,AL013,
Lezhë,65633,Albania,,,AL014,
Shkodër,135612,Albania,,,AL015,
Tiranë,557422,Albania,,,AL022,
Vlorë,104827,Albania,,,AL035,
Alba,323778,Romania,,,RO121,
Arad,415732,Romania,,,RO421,
Argeș,57492,Romania,,,RO311,
Bacău,580912,Romania,,,RO211,
Bihor,559992,Romania,,,RO111,
Bistrița-Năsăud,277724,Romania,,,RO112,
Botoșani,376304,Romania,,,RO212,
Brăila,285851,Romania,,,RO221,
Brașov,553278,Romania,,,RO122,
București,1832883,Romania,,,RO321,
Buzău,40906,Romania,,,RO222,
Călărași,280099,Romania,,,RO312,
Caraș-Severin,26947,Romania,,,RO422,
Cluj,709445,Romania,,,RO113,
Costanza,67191,Romania,,,RO223,
Covasna,201437,Romania,,,RO123,
Dâmbovița,486964,Romania,,,RO313,
Dolj,621046,Romania,,,RO411,
Galați,49965,Romania,,,RO224,
Giurgiu,263194,Romania,,,RO314,
Gorj,311918,Romania,,,RO412,
Harghita,30145,Romania,,,RO124,
Hunedoara,379987,Romania,,,RO423,
Iași,791665,Romania,,,RO213,
Ialomița,25413,Romania,,,RO315,
Ilfov,486644,Romania,,,RO322,
Maramureș,458471,Romania,,,RO114,
Mehedinți,238867,Romania,,,RO413,
Mureș,533064,Romania,,,RO125,
Neamț,438221,Romania,,,RO214,
Olt,389603,Romania,,,RO414,
Prahova,712254,Romania,,,RO316,
Sălaj,209893,Romania,,,RO116,
Satu Mare,331109,Romania,,,RO115,
Sibiu,401168,Romania,,,RO126,
Suceava,622533,Romania,,,RO215,
Teleorman,328683,Romania,,,RO317,
Timiș,705745,Romania,,,RO424,
Tulcea,192037,Romania,,,RO225,
Vâlcea,348318,Romania,,,RO415,
Vaslui,371156,Romania,,,RO216,
Vrancea,317419,Romania,,,RO226,
Banská Bystrica,645276,Slovakia,,,SK032,
Bratislava,669592,Slovakia,,,SK010,
Košice,801460,Slovakia,,,SK042,
Nitra,674306,Slovakia,,,SK023,
Prešov,826244,Slovakia,,,SK041,
Trencín,584569,Slovakia,,,SK022,
Trnava,564917,Slovakia,,,SK021,
Zilina,691509,Slovakia,,,SK031,